﻿<parameters>
  <parameter name="IIS Web Application Name" defaultValue="bookstorecms" tags="IisApp">
    <parameterEntry kind="ProviderPath" scope="IisApp" match="^C:\\Users\\nguye\\source\\repos\\BookStoreADOAPI\\obj\\Release\\Package\\PackageTmp$" />
    <parameterEntry kind="ProviderPath" scope="setAcl" match="^C:\\Users\\nguye\\source\\repos\\BookStoreADOAPI\\obj\\Release\\Package\\PackageTmp$" />
  </parameter>
  <parameter name="Entities-Web.config Connection String" description="Entities Connection String used in web.config by the application to access the database." defaultValue="metadata=res://*/Models.Model.csdl|res://*/Models.Model.ssdl|res://*/Models.Model.msl;provider=System.Data.SqlClient;provider connection string=&quot;data source=DARKIN-LAPTOP\SQLEXPRESS;initial catalog=BOOKSTORE;user id=sa;password=12345678;MultipleActiveResultSets=True;App=EntityFramework&quot;" tags="SqlConnectionString">
    <parameterEntry kind="XmlFile" scope="C:\\Users\\nguye\\source\\repos\\BookStoreADOAPI\\obj\\Release\\Package\\PackageTmp\\Web\.config$" match="/configuration/connectionStrings/add[@name='Entities']/@connectionString" />
  </parameter>
  <parameter name="Model-Web.config Connection String" description="Model Connection String used in web.config by the application to access the database." defaultValue="data source=(LocalDb)\MSSQLLocalDB;initial catalog=BookStoreADOAPI.Models.Model;integrated security=True;MultipleActiveResultSets=True;App=EntityFramework" tags="SqlConnectionString">
    <parameterEntry kind="XmlFile" scope="C:\\Users\\nguye\\source\\repos\\BookStoreADOAPI\\obj\\Release\\Package\\PackageTmp\\Web\.config$" match="/configuration/connectionStrings/add[@name='Model']/@connectionString" />
  </parameter>
</parameters>